customer_id,full_name,email,phone_number,city,loyalty_tier,registered_at
CUST_00001,Rahul Das,rahul.das21@example.com,+91-9172083844,Hyderabad,Standard,2026-04-23 01:03:56
CUST_00002,Priya Joshi,priya.joshi26@example.com,+91-9971630639,Delhi NCR,Standard,2026-08-22 01:03:56
CUST_00003,Arjun Das,arjun.das55@example.com,+91-9541102414,Bengaluru,Zomato Gold,2026-07-19 01:03:56
CUST_00004,Aditi Mehta,aditi.mehta55@example.com,+91-9435489452,Pune,Standard,2026-04-28 01:03:56
CUST_00005,Vikram Patel,vikram.patel23@example.com,+91-9340781088,Hyderabad,Zomato Gold,2026-06-30 01:03:56
CUST_00006,Neha Verma,neha.verma38@example.com,+91-9716435189,Delhi NCR,Zomato Gold,2026-07-20 01:03:56
CUST_00007,Aarav Rao,aarav.rao33@example.com,+91-9131088245,Delhi NCR,Zomato Gold,2026-06-10 01:03:56
CUST_00008,Pooja Nair,pooja.nair33@example.com,+91-9106556040,Delhi NCR,Standard,2026-05-08 01:03:56
CUST_00009,Amit Verma,amit.verma91@example.com,+91-9895609471,Mumbai,Standard,2026-04-09 01:03:56
CUST_00010,Vikram Gupta,vikram.gupta53@example.com,+91-9587098457,Hyderabad,Standard,2026-05-12 01:03:56
CUST_00011,Arjun Mukherjee,arjun.mukherjee20@example.com,+91-9740190407,Pune,Standard,2026-04-15 01:03:56
CUST_00012,Aditi Das,aditi.das66@example.com,+91-9392168202,Bengaluru,Standard,2026-07-19 01:03:56
CUST_00013,Deepak Gupta,deepak.gupta75@example.com,+91-9331465414,Delhi NCR,Standard,2026-05-01 01:03:56
CUST_00014,Priya Mehta,priya.mehta77@example.com,+91-9622517939,Pune,Standard,2026-06-19 01:03:56
CUST_00015,Amit Rao,amit.rao36@example.com,+91-9108253947,Bengaluru,Zomato Pro VIP,2026-06-18 01:03:56
CUST_00016,Rahul Mukherjee,rahul.mukherjee51@example.com,+91-9410791488,Delhi NCR,Standard,2026-05-02 01:03:56
CUST_00017,Kavya Patel,kavya.patel78@example.com,+91-9508244633,Mumbai,Standard,2026-05-30 01:03:56
CUST_00018,Neha Verma,neha.verma15@example.com,+91-9896760809,Hyderabad,Standard,2026-07-22 01:03:56
CUST_00019,Rohan Kapoor,rohan.kapoor64@example.com,+91-9718216692,Delhi NCR,Standard,2026-08-26 01:03:56
CUST_00020,Kavya Mehta,kavya.mehta12@example.com,+91-9534900128,Bengaluru,Standard,2026-06-24 01:03:56
CUST_00021,Deepak Kapoor,deepak.kapoor65@example.com,+91-9194628740,Delhi NCR,Standard,2026-04-29 01:03:56
CUST_00022,Amit Iyer,amit.iyer49@example.com,+91-9524951250,Bengaluru,Standard,2026-06-27 01:03:56
CUST_00023,Ananya Verma,ananya.verma24@example.com,+91-9779919809,Pune,Standard,2026-08-15 01:03:56
CUST_00024,Neha Nair,neha.nair23@example.com,+91-9353691745,Mumbai,Standard,2026-05-09 01:03:56
CUST_00025,Ananya Rao,ananya.rao93@example.com,+91-9916274954,Mumbai,Standard,2026-04-21 01:03:56
CUST_00026,Shreya Singh,shreya.singh84@example.com,+91-9915911873,Pune,Zomato Gold,2026-07-25 01:03:56
CUST_00027,Arjun Kapoor,arjun.kapoor66@example.com,+91-9262089272,Delhi NCR,Standard,2026-04-19 01:03:56
CUST_00028,Pooja Mukherjee,pooja.mukherjee17@example.com,+91-9735032128,Delhi NCR,Standard,2026-07-01 01:03:56
CUST_00029,Pooja Singh,pooja.singh17@example.com,+91-9140380477,Hyderabad,Zomato Gold,2026-07-05 01:03:56
CUST_00030,Rohan Das,rohan.das86@example.com,+91-9760360225,Bengaluru,Standard,2026-08-09 01:03:56
CUST_00031,Aditi Singh,aditi.singh34@example.com,+91-9799905142,Pune,Zomato Gold,2026-06-23 01:03:56
CUST_00032,Rahul Sharma,rahul.sharma53@example.com,+91-9211134294,Hyderabad,Standard,2026-04-23 01:03:56
CUST_00033,Ananya Sharma,ananya.sharma66@example.com,+91-9859803019,Mumbai,Standard,2026-07-23 01:03:56
CUST_00034,Ananya Nair,ananya.nair59@example.com,+91-9403754671,Delhi NCR,Zomato Gold,2026-07-15 01:03:56
CUST_00035,Aditi Mukherjee,aditi.mukherjee52@example.com,+91-9170772317,Delhi NCR,Standard,2026-04-26 01:03:56
CUST_00036,Amit Mehta,amit.mehta94@example.com,+91-9877103091,Delhi NCR,Standard,2026-05-10 01:03:56
CUST_00037,Rahul Nair,rahul.nair99@example.com,+91-9804433388,Delhi NCR,Standard,2026-07-11 01:03:56
CUST_00038,Rohan Mehta,rohan.mehta92@example.com,+91-9504456327,Pune,Zomato Gold,2026-06-25 01:03:56
CUST_00039,Rohan Das,rohan.das56@example.com,+91-9645985356,Hyderabad,Standard,2026-04-06 01:03:56
CUST_00040,Ananya Reddy,ananya.reddy72@example.com,+91-9922653967,Delhi NCR,Standard,2026-05-21 01:03:56
CUST_00041,Rahul Patel,rahul.patel22@example.com,+91-9417604347,Bengaluru,Zomato Gold,2026-08-09 01:03:56
CUST_00042,Aditi Das,aditi.das89@example.com,+91-9922816526,Delhi NCR,Standard,2026-05-05 01:03:56
CUST_00043,Rahul Patel,rahul.patel98@example.com,+91-9992649957,Mumbai,Zomato Gold,2026-05-14 01:03:56
CUST_00044,Aditi Gupta,aditi.gupta40@example.com,+91-9826239153,Delhi NCR,Zomato Gold,2026-07-24 01:03:56
CUST_00045,Deepak Reddy,deepak.reddy49@example.com,+91-9356805216,Pune,Zomato Pro VIP,2026-07-31 01:03:56
CUST_00046,Vikram Nair,vikram.nair69@example.com,+91-9573087862,Pune,Zomato Gold,2026-06-13 01:03:56
CUST_00047,Kavya Patel,kavya.patel87@example.com,+91-9960345542,Mumbai,Zomato Gold,2026-05-07 01:03:56
CUST_00048,Aditi Das,aditi.das80@example.com,+91-9498585961,Hyderabad,Zomato Gold,2026-04-28 01:03:56
CUST_00049,Priya Mehta,priya.mehta30@example.com,+91-9919390458,Bengaluru,Standard,2026-06-10 01:03:56
CUST_00050,Rahul Kapoor,rahul.kapoor38@example.com,+91-9198476695,Hyderabad,Zomato Gold,2026-07-26 01:03:56
CUST_00051,Aarav Gupta,aarav.gupta74@example.com,+91-9525689202,Bengaluru,Standard,2026-07-06 01:03:56
CUST_00052,Rohan Nair,rohan.nair50@example.com,+91-9130266145,Mumbai,Zomato Gold,2026-04-27 01:03:56
CUST_00053,Arjun Mukherjee,arjun.mukherjee14@example.com,+91-9247746438,Mumbai,Zomato Pro VIP,2026-06-14 01:03:56
CUST_00054,Shreya Joshi,shreya.joshi70@example.com,+91-9914799481,Mumbai,Zomato Gold,2026-07-25 01:03:56
CUST_00055,Rohan Sharma,rohan.sharma29@example.com,+91-9331557515,Delhi NCR,Zomato Pro VIP,2026-08-20 01:03:56
CUST_00056,Kavya Verma,kavya.verma48@example.com,+91-9355164255,Delhi NCR,Standard,2026-05-03 01:03:56
CUST_00057,Kavya Das,kavya.das18@example.com,+91-9590822013,Pune,Zomato Gold,2026-04-30 01:03:56
CUST_00058,Shreya Rao,shreya.rao90@example.com,+91-9117647321,Pune,Standard,2026-08-11 01:03:56
CUST_00059,Rahul Mehta,rahul.mehta88@example.com,+91-9101679695,Hyderabad,Standard,2026-07-01 01:03:56
CUST_00060,Kavya Patel,kavya.patel56@example.com,+91-9662087258,Bengaluru,Zomato Pro VIP,2026-04-19 01:03:56
CUST_00061,Aarav Gupta,aarav.gupta91@example.com,+91-9146744734,Hyderabad,Zomato Pro VIP,2026-07-10 01:03:56
CUST_00062,Kunal Joshi,kunal.joshi18@example.com,+91-9483426624,Bengaluru,Standard,2026-06-29 01:03:56
CUST_00063,Priya Mukherjee,priya.mukherjee52@example.com,+91-9889401015,Pune,Standard,2026-05-06 01:03:56
CUST_00064,Arjun Kapoor,arjun.kapoor97@example.com,+91-9991617660,Mumbai,Zomato Pro VIP,2026-07-29 01:03:56
CUST_00065,Shreya Das,shreya.das27@example.com,+91-9971339002,Mumbai,Zomato Gold,2026-04-18 01:03:56
CUST_00066,Deepak Sharma,deepak.sharma15@example.com,+91-9316456682,Delhi NCR,Zomato Gold,2026-05-23 01:03:56
CUST_00067,Arjun Mehta,arjun.mehta79@example.com,+91-9527589822,Pune,Standard,2026-08-01 01:03:56
CUST_00068,Vikram Mehta,vikram.mehta16@example.com,+91-9938422254,Delhi NCR,Standard,2026-06-25 01:03:56
CUST_00069,Neha Gupta,neha.gupta66@example.com,+91-9898120571,Hyderabad,Standard,2026-07-09 01:03:56
CUST_00070,Ananya Singh,ananya.singh76@example.com,+91-9494435754,Hyderabad,Zomato Gold,2026-06-09 01:03:56
CUST_00071,Kavya Verma,kavya.verma33@example.com,+91-9746879296,Hyderabad,Standard,2026-08-19 01:03:56
CUST_00072,Priya Verma,priya.verma47@example.com,+91-9809656613,Delhi NCR,Standard,2026-06-19 01:03:56
CUST_00073,Kavya Patel,kavya.patel67@example.com,+91-9477470703,Hyderabad,Zomato Gold,2026-04-12 01:03:56
CUST_00074,Neha Rao,neha.rao91@example.com,+91-9394801573,Hyderabad,Standard,2026-04-16 01:03:56
CUST_00075,Amit Nair,amit.nair96@example.com,+91-9960170255,Pune,Zomato Pro VIP,2026-05-12 01:03:56
CUST_00076,Rahul Kapoor,rahul.kapoor66@example.com,+91-9828092377,Pune,Standard,2026-04-10 01:03:56
CUST_00077,Sneha Mukherjee,sneha.mukherjee59@example.com,+91-9488856231,Delhi NCR,Standard,2026-08-25 01:03:56
CUST_00078,Rahul Das,rahul.das57@example.com,+91-9498320110,Hyderabad,Zomato Gold,2026-07-24 01:03:56
CUST_00079,Rahul Iyer,rahul.iyer50@example.com,+91-9527385805,Delhi NCR,Standard,2026-06-12 01:03:56
CUST_00080,Priya Sharma,priya.sharma76@example.com,+91-9635844374,Mumbai,Zomato Pro VIP,2026-07-10 01:03:56
CUST_00081,Priya Mehta,priya.mehta67@example.com,+91-9855954847,Delhi NCR,Zomato Pro VIP,2026-05-26 01:03:56
CUST_00082,Pooja Joshi,pooja.joshi25@example.com,+91-9314939857,Hyderabad,Zomato Gold,2026-05-06 01:03:56
CUST_00083,Deepak Patel,deepak.patel97@example.com,+91-9194264587,Hyderabad,Zomato Gold,2026-06-22 01:03:56
CUST_00084,Rohan Iyer,rohan.iyer48@example.com,+91-9411774120,Pune,Zomato Gold,2026-05-12 01:03:56
CUST_00085,Ananya Mukherjee,ananya.mukherjee38@example.com,+91-9646272321,Delhi NCR,Zomato Pro VIP,2026-05-03 01:03:56
CUST_00086,Rahul Reddy,rahul.reddy56@example.com,+91-9128222260,Hyderabad,Standard,2026-08-21 01:03:56
CUST_00087,Deepak Mukherjee,deepak.mukherjee88@example.com,+91-9239340792,Pune,Standard,2026-04-24 01:03:56
CUST_00088,Amit Joshi,amit.joshi62@example.com,+91-9664461415,Hyderabad,Zomato Gold,2026-07-15 01:03:56
CUST_00089,Rohan Patel,rohan.patel19@example.com,+91-9789705810,Delhi NCR,Standard,2026-07-26 01:03:56
CUST_00090,Neha Patel,neha.patel85@example.com,+91-9786973497,Pune,Zomato Gold,2026-05-18 01:03:56
CUST_00091,Rahul Gupta,rahul.gupta25@example.com,+91-9159499094,Pune,Standard,2026-08-12 01:03:56
CUST_00092,Ananya Patel,ananya.patel38@example.com,+91-9861639583,Delhi NCR,Zomato Pro VIP,2026-06-29 01:03:56
CUST_00093,Pooja Kapoor,pooja.kapoor35@example.com,+91-9369085407,Bengaluru,Standard,2026-08-21 01:03:56
CUST_00094,Pooja Rao,pooja.rao74@example.com,+91-9200317984,Pune,Standard,2026-05-15 01:03:56
CUST_00095,Rahul Patel,rahul.patel87@example.com,+91-9873773537,Pune,Zomato Gold,2026-06-27 01:03:56
CUST_00096,Aditi Kapoor,aditi.kapoor15@example.com,+91-9187212377,Bengaluru,Standard,2026-08-27 01:03:56
CUST_00097,Vikram Mukherjee,vikram.mukherjee89@example.com,+91-9547306651,Pune,Standard,2026-04-09 01:03:56
CUST_00098,Pooja Das,pooja.das41@example.com,+91-9618558050,Delhi NCR,Standard,2026-07-14 01:03:56
CUST_00099,Rohan Joshi,rohan.joshi66@example.com,+91-9269737590,Bengaluru,Standard,2026-07-17 01:03:56
CUST_00100,Vikram Nair,vikram.nair50@example.com,+91-9254263081,Pune,Zomato Gold,2026-06-22 01:03:56
CUST_00101,Neha Gupta,neha.gupta57@example.com,+91-9916757816,Mumbai,Standard,2026-08-11 01:03:56
CUST_00102,Arjun Reddy,arjun.reddy44@example.com,+91-9231556899,Hyderabad,Standard,2026-07-26 01:03:56
CUST_00103,Priya Sharma,priya.sharma88@example.com,+91-9512477736,Delhi NCR,Standard,2026-07-18 01:03:56
CUST_00104,Ananya Kapoor,ananya.kapoor50@example.com,+91-9720286733,Delhi NCR,Zomato Gold,2026-05-20 01:03:56
CUST_00105,Shreya Iyer,shreya.iyer49@example.com,+91-9635539154,Hyderabad,Standard,2026-08-07 01:03:56
CUST_00106,Amit Iyer,amit.iyer37@example.com,+91-9358480413,Hyderabad,Standard,2026-08-29 01:03:56
CUST_00107,Aditi Mehta,aditi.mehta93@example.com,+91-9741580895,Hyderabad,Standard,2026-07-31 01:03:56
CUST_00108,Aarav Kapoor,aarav.kapoor27@example.com,+91-9562705171,Bengaluru,Zomato Gold,2026-06-08 01:03:56
CUST_00109,Amit Nair,amit.nair16@example.com,+91-9530121245,Bengaluru,Standard,2026-08-25 01:03:56
CUST_00110,Neha Iyer,neha.iyer59@example.com,+91-9178954113,Delhi NCR,Standard,2026-08-09 01:03:56
CUST_00111,Kunal Kapoor,kunal.kapoor88@example.com,+91-9830572478,Pune,Standard,2026-05-02 01:03:56
CUST_00112,Priya Gupta,priya.gupta53@example.com,+91-9953514394,Delhi NCR,Zomato Pro VIP,2026-08-22 01:03:56
CUST_00113,Rahul Reddy,rahul.reddy61@example.com,+91-9646666136,Pune,Standard,2026-08-08 01:03:56
CUST_00114,Aditi Patel,aditi.patel70@example.com,+91-9963251765,Delhi NCR,Standard,2026-08-12 01:03:56
CUST_00115,Rahul Nair,rahul.nair30@example.com,+91-9442019016,Pune,Zomato Pro VIP,2026-07-11 01:03:56
CUST_00116,Pooja Rao,pooja.rao75@example.com,+91-9644725317,Delhi NCR,Standard,2026-08-16 01:03:56
CUST_00117,Pooja Singh,pooja.singh52@example.com,+91-9495521185,Bengaluru,Zomato Pro VIP,2026-04-30 01:03:56
CUST_00118,Pooja Mukherjee,pooja.mukherjee70@example.com,+91-9740926818,Bengaluru,Zomato Pro VIP,2026-06-08 01:03:56
CUST_00119,Sneha Joshi,sneha.joshi71@example.com,+91-9726553348,Bengaluru,Standard,2026-05-15 01:03:56
CUST_00120,Amit Patel,amit.patel83@example.com,+91-9133898577,Mumbai,Standard,2026-04-30 01:03:56
CUST_00121,Deepak Nair,deepak.nair62@example.com,+91-9262598077,Hyderabad,Standard,2026-05-24 01:03:56
CUST_00122,Shreya Kapoor,shreya.kapoor27@example.com,+91-9857820386,Bengaluru,Standard,2026-08-12 01:03:56
CUST_00123,Arjun Das,arjun.das58@example.com,+91-9664226794,Hyderabad,Zomato Pro VIP,2026-06-21 01:03:56
CUST_00124,Deepak Iyer,deepak.iyer55@example.com,+91-9686556403,Delhi NCR,Zomato Gold,2026-06-08 01:03:56
CUST_00125,Vikram Reddy,vikram.reddy48@example.com,+91-9699240979,Delhi NCR,Zomato Pro VIP,2026-05-29 01:03:56
CUST_00126,Pooja Mukherjee,pooja.mukherjee36@example.com,+91-9856881618,Delhi NCR,Standard,2026-08-05 01:03:56
CUST_00127,Neha Iyer,neha.iyer25@example.com,+91-9409011489,Delhi NCR,Zomato Gold,2026-08-26 01:03:56
CUST_00128,Amit Gupta,amit.gupta28@example.com,+91-9930071496,Delhi NCR,Standard,2026-06-15 01:03:56
CUST_00129,Rohan Nair,rohan.nair42@example.com,+91-9804344630,Hyderabad,Standard,2026-08-02 01:03:56
CUST_00130,Kunal Iyer,kunal.iyer23@example.com,+91-9247395716,Delhi NCR,Standard,2026-08-30 01:03:56
CUST_00131,Aditi Das,aditi.das91@example.com,+91-9342313086,Pune,Standard,2026-05-31 01:03:56
CUST_00132,Kavya Nair,kavya.nair97@example.com,+91-9207959268,Hyderabad,Standard,2026-05-07 01:03:56
CUST_00133,Ananya Gupta,ananya.gupta93@example.com,+91-9612656440,Hyderabad,Zomato Gold,2026-05-23 01:03:56
CUST_00134,Pooja Nair,pooja.nair17@example.com,+91-9793527609,Delhi NCR,Zomato Gold,2026-04-24 01:03:56
CUST_00135,Sneha Iyer,sneha.iyer63@example.com,+91-9287974375,Bengaluru,Zomato Pro VIP,2026-05-17 01:03:56
CUST_00136,Aditi Kapoor,aditi.kapoor73@example.com,+91-9946066287,Hyderabad,Zomato Pro VIP,2026-05-19 01:03:56
CUST_00137,Pooja Sharma,pooja.sharma82@example.com,+91-9420396197,Bengaluru,Zomato Pro VIP,2026-04-29 01:03:56
CUST_00138,Arjun Mehta,arjun.mehta79@example.com,+91-9788603957,Hyderabad,Standard,2026-08-14 01:03:56
CUST_00139,Rahul Kapoor,rahul.kapoor44@example.com,+91-9602533479,Pune,Zomato Gold,2026-05-21 01:03:56
CUST_00140,Arjun Patel,arjun.patel42@example.com,+91-9796091085,Hyderabad,Standard,2026-05-19 01:03:56
CUST_00141,Arjun Mukherjee,arjun.mukherjee96@example.com,+91-9709650444,Delhi NCR,Standard,2026-05-21 01:03:56
CUST_00142,Amit Kapoor,amit.kapoor51@example.com,+91-9653278397,Hyderabad,Standard,2026-04-24 01:03:56
CUST_00143,Priya Patel,priya.patel51@example.com,+91-9612662437,Mumbai,Standard,2026-06-04 01:03:56
CUST_00144,Amit Reddy,amit.reddy44@example.com,+91-9909340042,Hyderabad,Standard,2026-06-25 01:03:56
CUST_00145,Aarav Mehta,aarav.mehta40@example.com,+91-9843854609,Delhi NCR,Zomato Gold,2026-04-17 01:03:56
CUST_00146,Deepak Mehta,deepak.mehta97@example.com,+91-9535312769,Mumbai,Zomato Pro VIP,2026-08-08 01:03:56
CUST_00147,Pooja Joshi,pooja.joshi47@example.com,+91-9785811060,Bengaluru,Zomato Gold,2026-07-05 01:03:56
CUST_00148,Sneha Patel,sneha.patel68@example.com,+91-9264481748,Hyderabad,Standard,2026-07-06 01:03:56
CUST_00149,Shreya Mukherjee,shreya.mukherjee95@example.com,+91-9961135562,Pune,Zomato Gold,2026-05-27 01:03:56
CUST_00150,Rohan Iyer,rohan.iyer56@example.com,+91-9667121569,Hyderabad,Zomato Pro VIP,2026-04-21 01:03:56
CUST_00151,Priya Sharma,priya.sharma35@example.com,+91-9642762599,Pune,Standard,2026-08-26 01:03:56
CUST_00152,Ananya Nair,ananya.nair24@example.com,+91-9574422684,Pune,Zomato Gold,2026-05-24 01:03:56
CUST_00153,Shreya Verma,shreya.verma17@example.com,+91-9578333394,Pune,Standard,2026-07-27 01:03:56
CUST_00154,Kavya Singh,kavya.singh81@example.com,+91-9161994392,Pune,Zomato Gold,2026-07-29 01:03:56
CUST_00155,Pooja Joshi,pooja.joshi42@example.com,+91-9525146690,Bengaluru,Zomato Gold,2026-04-02 01:03:56
CUST_00156,Rohan Sharma,rohan.sharma99@example.com,+91-9469935052,Hyderabad,Standard,2026-04-18 01:03:56
CUST_00157,Aditi Verma,aditi.verma46@example.com,+91-9134075063,Hyderabad,Standard,2026-07-15 01:03:56
CUST_00158,Rahul Mukherjee,rahul.mukherjee58@example.com,+91-9502074351,Hyderabad,Zomato Gold,2026-07-25 01:03:56
CUST_00159,Amit Gupta,amit.gupta94@example.com,+91-9833076128,Bengaluru,Standard,2026-08-18 01:03:56
CUST_00160,Neha Verma,neha.verma60@example.com,+91-9676876906,Mumbai,Standard,2026-08-15 01:03:56
CUST_00161,Sneha Kapoor,sneha.kapoor12@example.com,+91-9911941471,Bengaluru,Standard,2026-06-17 01:03:56
CUST_00162,Kavya Iyer,kavya.iyer39@example.com,+91-9984076542,Hyderabad,Standard,2026-06-04 01:03:56
CUST_00163,Rahul Mehta,rahul.mehta24@example.com,+91-9878488534,Mumbai,Zomato Gold,2026-04-10 01:03:56
CUST_00164,Kavya Rao,kavya.rao36@example.com,+91-9358413465,Bengaluru,Standard,2026-04-19 01:03:56
CUST_00165,Aditi Singh,aditi.singh16@example.com,+91-9821579885,Pune,Zomato Gold,2026-06-03 01:03:56
CUST_00166,Amit Singh,amit.singh37@example.com,+91-9679562681,Mumbai,Standard,2026-04-16 01:03:56
CUST_00167,Pooja Reddy,pooja.reddy83@example.com,+91-9442420233,Pune,Standard,2026-06-23 01:03:56
CUST_00168,Rahul Das,rahul.das62@example.com,+91-9337342839,Pune,Standard,2026-06-17 01:03:56
CUST_00169,Ananya Das,ananya.das73@example.com,+91-9696840109,Hyderabad,Zomato Pro VIP,2026-04-14 01:03:56
CUST_00170,Amit Mukherjee,amit.mukherjee99@example.com,+91-9442238518,Pune,Standard,2026-07-17 01:03:56
CUST_00171,Pooja Gupta,pooja.gupta78@example.com,+91-9910048118,Mumbai,Standard,2026-08-01 01:03:56
CUST_00172,Sneha Mehta,sneha.mehta69@example.com,+91-9965195567,Mumbai,Standard,2026-04-16 01:03:56
CUST_00173,Kavya Iyer,kavya.iyer59@example.com,+91-9243980993,Pune,Standard,2026-06-03 01:03:56
CUST_00174,Arjun Das,arjun.das57@example.com,+91-9582954920,Bengaluru,Standard,2026-04-25 01:03:56
CUST_00175,Vikram Sharma,vikram.sharma96@example.com,+91-9504981031,Delhi NCR,Zomato Gold,2026-04-12 01:03:56
CUST_00176,Vikram Mukherjee,vikram.mukherjee95@example.com,+91-9877716824,Pune,Standard,2026-08-23 01:03:56
CUST_00177,Vikram Kapoor,vikram.kapoor11@example.com,+91-9425545658,Delhi NCR,Zomato Pro VIP,2026-05-26 01:03:56
CUST_00178,Priya Joshi,priya.joshi99@example.com,+91-9360482447,Hyderabad,Standard,2026-05-24 01:03:56
CUST_00179,Sneha Iyer,sneha.iyer46@example.com,+91-9932701695,Delhi NCR,Standard,2026-07-08 01:03:56
CUST_00180,Neha Mehta,neha.mehta75@example.com,+91-9486165467,Delhi NCR,Standard,2026-08-07 01:03:56
CUST_00181,Shreya Mukherjee,shreya.mukherjee57@example.com,+91-9318106480,Delhi NCR,Standard,2026-06-21 01:03:56
CUST_00182,Sneha Joshi,sneha.joshi43@example.com,+91-9117415986,Mumbai,Zomato Pro VIP,2026-08-21 01:03:56
CUST_00183,Kavya Mehta,kavya.mehta52@example.com,+91-9310659326,Mumbai,Standard,2026-05-30 01:03:56
CUST_00184,Sneha Singh,sneha.singh97@example.com,+91-9802879944,Pune,Standard,2026-06-27 01:03:56
CUST_00185,Shreya Joshi,shreya.joshi31@example.com,+91-9594811370,Hyderabad,Standard,2026-07-01 01:03:56
CUST_00186,Shreya Patel,shreya.patel17@example.com,+91-9789137659,Pune,Standard,2026-08-14 01:03:56
CUST_00187,Rohan Kapoor,rohan.kapoor10@example.com,+91-9920702588,Bengaluru,Standard,2026-07-16 01:03:56
CUST_00188,Sneha Verma,sneha.verma37@example.com,+91-9109815572,Mumbai,Standard,2026-08-09 01:03:56
CUST_00189,Aditi Rao,aditi.rao94@example.com,+91-9618836510,Pune,Standard,2026-08-04 01:03:56
CUST_00190,Kavya Sharma,kavya.sharma45@example.com,+91-9668457864,Bengaluru,Zomato Pro VIP,2026-08-17 01:03:56
CUST_00191,Aarav Iyer,aarav.iyer32@example.com,+91-9965615974,Hyderabad,Zomato Pro VIP,2026-04-29 01:03:56
CUST_00192,Rahul Reddy,rahul.reddy77@example.com,+91-9765484610,Mumbai,Zomato Gold,2026-06-05 01:03:56
CUST_00193,Kunal Mukherjee,kunal.mukherjee57@example.com,+91-9184846271,Hyderabad,Standard,2026-07-14 01:03:56
CUST_00194,Sneha Joshi,sneha.joshi97@example.com,+91-9422095317,Mumbai,Zomato Gold,2026-04-22 01:03:56
CUST_00195,Aditi Verma,aditi.verma58@example.com,+91-9507231644,Hyderabad,Standard,2026-08-21 01:03:56
CUST_00196,Aarav Joshi,aarav.joshi73@example.com,+91-9188783547,Mumbai,Zomato Gold,2026-07-22 01:03:56
CUST_00197,Arjun Rao,arjun.rao15@example.com,+91-9667106600,Bengaluru,Standard,2026-05-30 01:03:56
CUST_00198,Shreya Mehta,shreya.mehta97@example.com,+91-9179830621,Bengaluru,Zomato Gold,2026-06-12 01:03:56
CUST_00199,Aditi Patel,aditi.patel36@example.com,+91-9116812751,Delhi NCR,Standard,2026-08-30 01:03:56
CUST_00200,Amit Verma,amit.verma82@example.com,+91-9274429624,Delhi NCR,Standard,2026-06-02 01:03:56
CUST_00201,Amit Das,amit.das59@example.com,+91-9456192204,Pune,Zomato Gold,2026-05-07 01:03:56
CUST_00202,Rohan Iyer,rohan.iyer22@example.com,+91-9157656107,Delhi NCR,Standard,2026-07-22 01:03:56
CUST_00203,Rohan Nair,rohan.nair88@example.com,+91-9925713533,Pune,Zomato Pro VIP,2026-07-12 01:03:56
CUST_00204,Arjun Sharma,arjun.sharma67@example.com,+91-9941328406,Delhi NCR,Standard,2026-08-05 01:03:56
CUST_00205,Amit Gupta,amit.gupta84@example.com,+91-9829816799,Mumbai,Standard,2026-07-08 01:03:56
CUST_00206,Pooja Mukherjee,pooja.mukherjee19@example.com,+91-9865694462,Mumbai,Standard,2026-04-23 01:03:56
CUST_00207,Amit Joshi,amit.joshi59@example.com,+91-9894198823,Mumbai,Standard,2026-06-22 01:03:56
CUST_00208,Rohan Sharma,rohan.sharma56@example.com,+91-9577531502,Delhi NCR,Standard,2026-06-10 01:03:56
CUST_00209,Rohan Patel,rohan.patel81@example.com,+91-9581942228,Hyderabad,Standard,2026-08-22 01:03:56
CUST_00210,Priya Sharma,priya.sharma80@example.com,+91-9480012570,Bengaluru,Standard,2026-04-25 01:03:56
CUST_00211,Arjun Kapoor,arjun.kapoor47@example.com,+91-9113250637,Hyderabad,Standard,2026-07-16 01:03:56
CUST_00212,Rohan Joshi,rohan.joshi83@example.com,+91-9360642799,Pune,Standard,2026-08-13 01:03:56
CUST_00213,Amit Patel,amit.patel48@example.com,+91-9388749542,Mumbai,Standard,2026-06-09 01:03:56
CUST_00214,Rohan Patel,rohan.patel63@example.com,+91-9396311802,Hyderabad,Standard,2026-06-17 01:03:56
CUST_00215,Rohan Nair,rohan.nair90@example.com,+91-9364774064,Delhi NCR,Standard,2026-08-06 01:03:56
CUST_00216,Vikram Singh,vikram.singh48@example.com,+91-9245480775,Bengaluru,Zomato Pro VIP,2026-04-03 01:03:56
CUST_00217,Arjun Kapoor,arjun.kapoor52@example.com,+91-9507903732,Pune,Standard,2026-07-23 01:03:56
CUST_00218,Rahul Mehta,rahul.mehta98@example.com,+91-9747693166,Delhi NCR,Standard,2026-05-23 01:03:56
CUST_00219,Ananya Gupta,ananya.gupta98@example.com,+91-9412940071,Delhi NCR,Zomato Pro VIP,2026-08-05 01:03:56
CUST_00220,Sneha Nair,sneha.nair60@example.com,+91-9400969989,Hyderabad,Standard,2026-07-04 01:03:56
CUST_00221,Vikram Rao,vikram.rao97@example.com,+91-9293195372,Pune,Standard,2026-08-20 01:03:56
CUST_00222,Deepak Joshi,deepak.joshi47@example.com,+91-9570787423,Mumbai,Zomato Gold,2026-04-19 01:03:56
CUST_00223,Kavya Das,kavya.das91@example.com,+91-9249442440,Hyderabad,Standard,2026-06-18 01:03:56
CUST_00224,Rahul Joshi,rahul.joshi58@example.com,+91-9947264726,Hyderabad,Standard,2026-04-20 01:03:56
CUST_00225,Shreya Rao,shreya.rao74@example.com,+91-9673772626,Hyderabad,Standard,2026-07-18 01:03:56
CUST_00226,Neha Joshi,neha.joshi91@example.com,+91-9737609304,Pune,Standard,2026-04-23 01:03:56
CUST_00227,Sneha Das,sneha.das92@example.com,+91-9278604592,Delhi NCR,Standard,2026-04-13 01:03:56
CUST_00228,Amit Mukherjee,amit.mukherjee65@example.com,+91-9954946593,Delhi NCR,Standard,2026-04-29 01:03:56
CUST_00229,Kunal Reddy,kunal.reddy76@example.com,+91-9901927335,Pune,Standard,2026-08-22 01:03:56
CUST_00230,Sneha Singh,sneha.singh69@example.com,+91-9519977113,Delhi NCR,Zomato Gold,2026-08-30 01:03:56
CUST_00231,Rahul Nair,rahul.nair23@example.com,+91-9618371508,Bengaluru,Standard,2026-06-16 01:03:56
CUST_00232,Rohan Verma,rohan.verma49@example.com,+91-9474015041,Mumbai,Standard,2026-06-28 01:03:56
CUST_00233,Vikram Iyer,vikram.iyer70@example.com,+91-9473984594,Hyderabad,Standard,2026-04-26 01:03:56
CUST_00234,Deepak Nair,deepak.nair15@example.com,+91-9422406106,Bengaluru,Standard,2026-05-01 01:03:56
CUST_00235,Arjun Das,arjun.das31@example.com,+91-9827072823,Bengaluru,Standard,2026-06-03 01:03:56
CUST_00236,Ananya Nair,ananya.nair69@example.com,+91-9557810637,Pune,Zomato Gold,2026-05-31 01:03:56
CUST_00237,Ananya Patel,ananya.patel13@example.com,+91-9524753348,Hyderabad,Standard,2026-05-22 01:03:56
CUST_00238,Kavya Gupta,kavya.gupta37@example.com,+91-9856704108,Bengaluru,Standard,2026-05-24 01:03:56
CUST_00239,Rohan Rao,rohan.rao78@example.com,+91-9958459117,Bengaluru,Standard,2026-05-19 01:03:56
CUST_00240,Vikram Singh,vikram.singh95@example.com,+91-9381699808,Bengaluru,Standard,2026-08-05 01:03:56
CUST_00241,Arjun Rao,arjun.rao60@example.com,+91-9756387421,Hyderabad,Standard,2026-08-30 01:03:56
CUST_00242,Neha Kapoor,neha.kapoor32@example.com,+91-9762888128,Hyderabad,Zomato Pro VIP,2026-06-17 01:03:56
CUST_00243,Rohan Das,rohan.das25@example.com,+91-9436280635,Mumbai,Standard,2026-06-02 01:03:56
CUST_00244,Ananya Nair,ananya.nair59@example.com,+91-9648494024,Mumbai,Standard,2026-07-18 01:03:56
CUST_00245,Amit Gupta,amit.gupta91@example.com,+91-9622558165,Mumbai,Zomato Gold,2026-08-17 01:03:56
CUST_00246,Ananya Iyer,ananya.iyer46@example.com,+91-9625749126,Mumbai,Standard,2026-05-07 01:03:56
CUST_00247,Deepak Rao,deepak.rao11@example.com,+91-9485515372,Bengaluru,Standard,2026-08-04 01:03:56
CUST_00248,Amit Iyer,amit.iyer73@example.com,+91-9801228319,Pune,Zomato Gold,2026-07-15 01:03:56
CUST_00249,Kavya Joshi,kavya.joshi31@example.com,+91-9624737111,Hyderabad,Standard,2026-04-23 01:03:56
CUST_00250,Sneha Mehta,sneha.mehta38@example.com,+91-9395121074,Bengaluru,Standard,2026-08-17 01:03:56
CUST_00251,Deepak Rao,deepak.rao75@example.com,+91-9690263993,Hyderabad,Standard,2026-04-30 01:03:56
CUST_00252,Kunal Mukherjee,kunal.mukherjee56@example.com,+91-9983993176,Pune,Zomato Gold,2026-08-18 01:03:56
CUST_00253,Aditi Mukherjee,aditi.mukherjee37@example.com,+91-9686642360,Hyderabad,Standard,2026-07-19 01:03:56
CUST_00254,Sneha Mehta,sneha.mehta43@example.com,+91-9582896428,Bengaluru,Zomato Gold,2026-06-30 01:03:56
CUST_00255,Rohan Singh,rohan.singh40@example.com,+91-9932828137,Bengaluru,Zomato Gold,2026-05-25 01:03:56
CUST_00256,Neha Kapoor,neha.kapoor64@example.com,+91-9779432289,Pune,Zomato Gold,2026-05-14 01:03:56
CUST_00257,Vikram Kapoor,vikram.kapoor17@example.com,+91-9964835149,Mumbai,Standard,2026-08-25 01:03:56
CUST_00258,Kunal Rao,kunal.rao51@example.com,+91-9280793819,Pune,Standard,2026-06-15 01:03:56
CUST_00259,Kunal Kapoor,kunal.kapoor22@example.com,+91-9829392084,Pune,Zomato Pro VIP,2026-05-06 01:03:56
CUST_00260,Kavya Sharma,kavya.sharma26@example.com,+91-9804263267,Delhi NCR,Standard,2026-05-05 01:03:56
CUST_00261,Arjun Kapoor,arjun.kapoor96@example.com,+91-9917626034,Mumbai,Standard,2026-07-11 01:03:56
CUST_00262,Kunal Das,kunal.das67@example.com,+91-9502838221,Hyderabad,Zomato Gold,2026-04-21 01:03:56
CUST_00263,Rohan Gupta,rohan.gupta45@example.com,+91-9905094179,Pune,Standard,2026-07-05 01:03:56
CUST_00264,Shreya Nair,shreya.nair21@example.com,+91-9102655449,Pune,Zomato Gold,2026-07-28 01:03:56
CUST_00265,Neha Kapoor,neha.kapoor78@example.com,+91-9954352670,Bengaluru,Standard,2026-07-12 01:03:56
CUST_00266,Kavya Kapoor,kavya.kapoor44@example.com,+91-9631196129,Mumbai,Zomato Gold,2026-06-23 01:03:56
CUST_00267,Arjun Iyer,arjun.iyer82@example.com,+91-9240224505,Pune,Zomato Gold,2026-08-04 01:03:56
CUST_00268,Aditi Sharma,aditi.sharma68@example.com,+91-9772355141,Bengaluru,Standard,2026-04-06 01:03:56
CUST_00269,Ananya Singh,ananya.singh64@example.com,+91-9100725768,Hyderabad,Zomato Pro VIP,2026-05-23 01:03:56
CUST_00270,Rahul Das,rahul.das45@example.com,+91-9270700744,Delhi NCR,Zomato Gold,2026-04-25 01:03:56
CUST_00271,Kunal Verma,kunal.verma93@example.com,+91-9813510897,Delhi NCR,Standard,2026-05-14 01:03:56
CUST_00272,Pooja Joshi,pooja.joshi93@example.com,+91-9560883210,Mumbai,Zomato Gold,2026-04-25 01:03:56
CUST_00273,Aarav Reddy,aarav.reddy26@example.com,+91-9183686071,Hyderabad,Standard,2026-05-29 01:03:56
CUST_00274,Deepak Sharma,deepak.sharma53@example.com,+91-9846891707,Bengaluru,Zomato Pro VIP,2026-05-02 01:03:56
CUST_00275,Kavya Joshi,kavya.joshi19@example.com,+91-9612926731,Mumbai,Standard,2026-05-30 01:03:56
CUST_00276,Priya Verma,priya.verma48@example.com,+91-9494666352,Delhi NCR,Standard,2026-05-07 01:03:56
CUST_00277,Rahul Das,rahul.das77@example.com,+91-9173456403,Mumbai,Standard,2026-08-24 01:03:56
CUST_00278,Ananya Singh,ananya.singh37@example.com,+91-9875705487,Delhi NCR,Zomato Pro VIP,2026-05-10 01:03:56
CUST_00279,Deepak Kapoor,deepak.kapoor22@example.com,+91-9193080561,Mumbai,Zomato Gold,2026-05-07 01:03:56
CUST_00280,Amit Nair,amit.nair27@example.com,+91-9437695739,Hyderabad,Standard,2026-06-04 01:03:56
CUST_00281,Rohan Reddy,rohan.reddy86@example.com,+91-9745317824,Pune,Zomato Gold,2026-06-13 01:03:56
CUST_00282,Aarav Kapoor,aarav.kapoor76@example.com,+91-9320595661,Delhi NCR,Standard,2026-08-10 01:03:56
CUST_00283,Amit Mehta,amit.mehta40@example.com,+91-9941600554,Bengaluru,Standard,2026-08-06 01:03:56
CUST_00284,Sneha Singh,sneha.singh77@example.com,+91-9176248559,Pune,Zomato Pro VIP,2026-04-05 01:03:56
CUST_00285,Arjun Patel,arjun.patel63@example.com,+91-9710293796,Hyderabad,Standard,2026-07-04 01:03:56
CUST_00286,Ananya Mukherjee,ananya.mukherjee19@example.com,+91-9927175323,Hyderabad,Standard,2026-04-06 01:03:56
CUST_00287,Aarav Mehta,aarav.mehta17@example.com,+91-9142763764,Mumbai,Standard,2026-07-12 01:03:56
CUST_00288,Kavya Gupta,kavya.gupta91@example.com,+91-9188506190,Hyderabad,Standard,2026-08-17 01:03:56
CUST_00289,Rahul Mehta,rahul.mehta20@example.com,+91-9432759989,Bengaluru,Zomato Pro VIP,2026-08-10 01:03:56
CUST_00290,Rahul Iyer,rahul.iyer85@example.com,+91-9519544755,Delhi NCR,Standard,2026-04-18 01:03:56
CUST_00291,Kavya Joshi,kavya.joshi41@example.com,+91-9162176039,Mumbai,Zomato Pro VIP,2026-04-24 01:03:56
CUST_00292,Priya Singh,priya.singh17@example.com,+91-9753728820,Pune,Zomato Gold,2026-06-20 01:03:56
CUST_00293,Ananya Verma,ananya.verma27@example.com,+91-9860102491,Bengaluru,Standard,2026-04-04 01:03:56
CUST_00294,Neha Iyer,neha.iyer43@example.com,+91-9940725996,Pune,Standard,2026-05-14 01:03:56
CUST_00295,Kunal Joshi,kunal.joshi13@example.com,+91-9928316966,Bengaluru,Zomato Gold,2026-06-26 01:03:56
CUST_00296,Kunal Iyer,kunal.iyer83@example.com,+91-9382340033,Bengaluru,Standard,2026-04-21 01:03:56
CUST_00297,Neha Sharma,neha.sharma31@example.com,+91-9708689346,Hyderabad,Standard,2026-07-05 01:03:56
CUST_00298,Priya Rao,priya.rao75@example.com,+91-9345247378,Bengaluru,Standard,2026-04-02 01:03:56
CUST_00299,Aarav Reddy,aarav.reddy56@example.com,+91-9606553372,Bengaluru,Zomato Pro VIP,2026-07-09 01:03:56
CUST_00300,Ananya Kapoor,ananya.kapoor93@example.com,+91-9693634042,Bengaluru,Standard,2026-07-18 01:03:56
CUST_00301,Sneha Gupta,sneha.gupta19@example.com,+91-9391261014,Delhi NCR,Standard,2026-08-26 01:03:56
CUST_00302,Aditi Patel,aditi.patel76@example.com,+91-9963651372,Mumbai,Zomato Pro VIP,2026-04-13 01:03:56
CUST_00303,Rohan Singh,rohan.singh49@example.com,+91-9930568802,Delhi NCR,Standard,2026-06-24 01:03:56
CUST_00304,Deepak Sharma,deepak.sharma47@example.com,+91-9315469014,Delhi NCR,Zomato Gold,2026-08-24 01:03:56
CUST_00305,Sneha Singh,sneha.singh73@example.com,+91-9735323297,Delhi NCR,Zomato Gold,2026-05-22 01:03:56
CUST_00306,Sneha Patel,sneha.patel13@example.com,+91-9540272920,Bengaluru,Standard,2026-05-31 01:03:56
CUST_00307,Aarav Nair,aarav.nair94@example.com,+91-9914893975,Bengaluru,Zomato Gold,2026-07-07 01:03:56
CUST_00308,Pooja Verma,pooja.verma40@example.com,+91-9668883968,Mumbai,Standard,2026-07-18 01:03:56
CUST_00309,Aditi Patel,aditi.patel15@example.com,+91-9199886596,Delhi NCR,Zomato Gold,2026-05-31 01:03:56
CUST_00310,Kavya Joshi,kavya.joshi20@example.com,+91-9592265554,Delhi NCR,Standard,2026-08-28 01:03:56
CUST_00311,Rahul Das,rahul.das85@example.com,+91-9180348617,Hyderabad,Standard,2026-08-25 01:03:56
CUST_00312,Rahul Reddy,rahul.reddy50@example.com,+91-9380236885,Delhi NCR,Zomato Gold,2026-07-11 01:03:56
CUST_00313,Arjun Nair,arjun.nair39@example.com,+91-9392010397,Hyderabad,Zomato Pro VIP,2026-04-21 01:03:56
CUST_00314,Rahul Mukherjee,rahul.mukherjee29@example.com,+91-9217008688,Pune,Standard,2026-04-29 01:03:56
CUST_00315,Deepak Nair,deepak.nair78@example.com,+91-9229640083,Hyderabad,Zomato Pro VIP,2026-07-02 01:03:56
CUST_00316,Vikram Singh,vikram.singh43@example.com,+91-9597514616,Delhi NCR,Standard,2026-05-02 01:03:56
CUST_00317,Pooja Kapoor,pooja.kapoor37@example.com,+91-9143303806,Pune,Standard,2026-06-24 01:03:56
CUST_00318,Sneha Nair,sneha.nair16@example.com,+91-9651323128,Hyderabad,Standard,2026-06-17 01:03:56
CUST_00319,Ananya Sharma,ananya.sharma81@example.com,+91-9585547305,Hyderabad,Standard,2026-08-20 01:03:56
CUST_00320,Deepak Verma,deepak.verma11@example.com,+91-9230409444,Mumbai,Zomato Gold,2026-04-17 01:03:56
CUST_00321,Sneha Patel,sneha.patel61@example.com,+91-9984412594,Mumbai,Zomato Gold,2026-07-06 01:03:56
CUST_00322,Rohan Rao,rohan.rao19@example.com,+91-9377906552,Pune,Zomato Pro VIP,2026-04-07 01:03:56
CUST_00323,Vikram Das,vikram.das26@example.com,+91-9968977829,Hyderabad,Zomato Pro VIP,2026-04-25 01:03:56
CUST_00324,Arjun Verma,arjun.verma16@example.com,+91-9594989531,Bengaluru,Zomato Pro VIP,2026-05-15 01:03:56
CUST_00325,Kavya Kapoor,kavya.kapoor13@example.com,+91-9632711663,Hyderabad,Zomato Gold,2026-07-08 01:03:56
CUST_00326,Ananya Nair,ananya.nair45@example.com,+91-9300951978,Mumbai,Standard,2026-06-12 01:03:56
CUST_00327,Rahul Sharma,rahul.sharma88@example.com,+91-9764835755,Pune,Zomato Gold,2026-06-03 01:03:56
CUST_00328,Shreya Gupta,shreya.gupta17@example.com,+91-9614355545,Pune,Standard,2026-04-24 01:03:56
CUST_00329,Rahul Gupta,rahul.gupta77@example.com,+91-9790042893,Mumbai,Zomato Gold,2026-06-04 01:03:56
CUST_00330,Aarav Gupta,aarav.gupta79@example.com,+91-9615057244,Delhi NCR,Standard,2026-08-04 01:03:56
CUST_00331,Arjun Gupta,arjun.gupta13@example.com,+91-9293075824,Delhi NCR,Standard,2026-06-22 01:03:56
CUST_00332,Aarav Mukherjee,aarav.mukherjee70@example.com,+91-9162911855,Delhi NCR,Standard,2026-08-15 01:03:56
CUST_00333,Sneha Patel,sneha.patel94@example.com,+91-9366134484,Bengaluru,Standard,2026-06-02 01:03:56
CUST_00334,Aditi Mukherjee,aditi.mukherjee59@example.com,+91-9718144695,Mumbai,Zomato Pro VIP,2026-07-01 01:03:56
CUST_00335,Ananya Patel,ananya.patel50@example.com,+91-9736212983,Mumbai,Zomato Pro VIP,2026-07-02 01:03:56
CUST_00336,Aarav Joshi,aarav.joshi82@example.com,+91-9709511014,Delhi NCR,Standard,2026-05-08 01:03:56
CUST_00337,Vikram Kapoor,vikram.kapoor49@example.com,+91-9682101860,Hyderabad,Standard,2026-05-16 01:03:56
CUST_00338,Rohan Sharma,rohan.sharma38@example.com,+91-9746030501,Mumbai,Standard,2026-04-07 01:03:56
CUST_00339,Aarav Nair,aarav.nair26@example.com,+91-9316320731,Pune,Zomato Gold,2026-06-28 01:03:56
CUST_00340,Arjun Sharma,arjun.sharma85@example.com,+91-9258604568,Bengaluru,Zomato Gold,2026-05-08 01:03:56
CUST_00341,Neha Verma,neha.verma94@example.com,+91-9856491925,Delhi NCR,Standard,2026-07-12 01:03:56
CUST_00342,Arjun Mehta,arjun.mehta30@example.com,+91-9246513857,Delhi NCR,Zomato Gold,2026-07-22 01:03:56
CUST_00343,Shreya Das,shreya.das81@example.com,+91-9287048690,Delhi NCR,Standard,2026-07-02 01:03:56
CUST_00344,Ananya Gupta,ananya.gupta98@example.com,+91-9888121101,Delhi NCR,Standard,2026-06-16 01:03:56
CUST_00345,Aarav Joshi,aarav.joshi82@example.com,+91-9520478827,Pune,Standard,2026-04-10 01:03:56
CUST_00346,Arjun Mukherjee,arjun.mukherjee91@example.com,+91-9337184468,Pune,Standard,2026-08-24 01:03:56
CUST_00347,Shreya Patel,shreya.patel19@example.com,+91-9900306310,Delhi NCR,Standard,2026-06-01 01:03:56
CUST_00348,Arjun Patel,arjun.patel95@example.com,+91-9982252644,Bengaluru,Standard,2026-06-26 01:03:56
CUST_00349,Kunal Reddy,kunal.reddy18@example.com,+91-9844292151,Mumbai,Standard,2026-06-30 01:03:56
CUST_00350,Priya Joshi,priya.joshi59@example.com,+91-9151697938,Bengaluru,Zomato Gold,2026-07-23 01:03:56
CUST_00351,Ananya Gupta,ananya.gupta54@example.com,+91-9506639535,Hyderabad,Standard,2026-08-19 01:03:56
CUST_00352,Shreya Mukherjee,shreya.mukherjee97@example.com,+91-9798973247,Pune,Standard,2026-05-29 01:03:56
CUST_00353,Rohan Mukherjee,rohan.mukherjee12@example.com,+91-9416655712,Bengaluru,Standard,2026-06-22 01:03:56
CUST_00354,Priya Verma,priya.verma58@example.com,+91-9282649071,Delhi NCR,Zomato Gold,2026-05-13 01:03:56
CUST_00355,Rohan Nair,rohan.nair71@example.com,+91-9758896006,Pune,Standard,2026-04-09 01:03:56
CUST_00356,Ananya Rao,ananya.rao16@example.com,+91-9268688902,Hyderabad,Standard,2026-04-27 01:03:56
CUST_00357,Vikram Gupta,vikram.gupta79@example.com,+91-9875282507,Pune,Zomato Gold,2026-06-08 01:03:56
CUST_00358,Pooja Reddy,pooja.reddy60@example.com,+91-9153295652,Bengaluru,Standard,2026-08-26 01:03:56
CUST_00359,Shreya Patel,shreya.patel10@example.com,+91-9487437109,Bengaluru,Standard,2026-07-20 01:03:56
CUST_00360,Shreya Reddy,shreya.reddy36@example.com,+91-9127633490,Bengaluru,Zomato Gold,2026-05-15 01:03:56
CUST_00361,Rohan Singh,rohan.singh60@example.com,+91-9431091936,Bengaluru,Standard,2026-07-31 01:03:56
CUST_00362,Kunal Verma,kunal.verma33@example.com,+91-9516104074,Pune,Zomato Gold,2026-07-05 01:03:56
CUST_00363,Neha Patel,neha.patel43@example.com,+91-9147907058,Hyderabad,Standard,2026-07-23 01:03:56
CUST_00364,Sneha Kapoor,sneha.kapoor17@example.com,+91-9705855162,Delhi NCR,Zomato Gold,2026-05-10 01:03:56
CUST_00365,Priya Verma,priya.verma79@example.com,+91-9967776836,Delhi NCR,Zomato Pro VIP,2026-07-16 01:03:56
CUST_00366,Sneha Iyer,sneha.iyer76@example.com,+91-9515652006,Bengaluru,Zomato Pro VIP,2026-07-18 01:03:56
CUST_00367,Shreya Rao,shreya.rao48@example.com,+91-9611382735,Mumbai,Standard,2026-04-22 01:03:56
CUST_00368,Aditi Iyer,aditi.iyer83@example.com,+91-9654928450,Pune,Standard,2026-05-09 01:03:56
CUST_00369,Deepak Patel,deepak.patel34@example.com,+91-9327515325,Mumbai,Standard,2026-05-04 01:03:56
CUST_00370,Rohan Das,rohan.das90@example.com,+91-9316809172,Hyderabad,Zomato Gold,2026-05-09 01:03:56
CUST_00371,Kunal Nair,kunal.nair59@example.com,+91-9193445007,Bengaluru,Standard,2026-08-22 01:03:56
CUST_00372,Arjun Kapoor,arjun.kapoor68@example.com,+91-9658010933,Delhi NCR,Zomato Gold,2026-04-05 01:03:56
CUST_00373,Kavya Verma,kavya.verma28@example.com,+91-9260677223,Hyderabad,Standard,2026-08-25 01:03:56
CUST_00374,Priya Verma,priya.verma22@example.com,+91-9937029745,Pune,Zomato Gold,2026-06-14 01:03:56
CUST_00375,Neha Gupta,neha.gupta93@example.com,+91-9511289794,Delhi NCR,Standard,2026-08-04 01:03:56
CUST_00376,Shreya Sharma,shreya.sharma61@example.com,+91-9395723682,Mumbai,Zomato Gold,2026-05-08 01:03:56
CUST_00377,Amit Sharma,amit.sharma98@example.com,+91-9455939049,Hyderabad,Standard,2026-06-01 01:03:56
CUST_00378,Shreya Mehta,shreya.mehta53@example.com,+91-9121724902,Delhi NCR,Standard,2026-06-18 01:03:56
CUST_00379,Shreya Kapoor,shreya.kapoor27@example.com,+91-9344767409,Bengaluru,Zomato Pro VIP,2026-06-17 01:03:56
CUST_00380,Deepak Mukherjee,deepak.mukherjee63@example.com,+91-9389287503,Delhi NCR,Standard,2026-04-24 01:03:56
CUST_00381,Vikram Kapoor,vikram.kapoor72@example.com,+91-9895583423,Hyderabad,Zomato Gold,2026-08-12 01:03:56
CUST_00382,Aditi Iyer,aditi.iyer49@example.com,+91-9170455681,Mumbai,Standard,2026-08-09 01:03:56
CUST_00383,Aarav Patel,aarav.patel35@example.com,+91-9994351711,Mumbai,Standard,2026-04-16 01:03:56
CUST_00384,Deepak Sharma,deepak.sharma35@example.com,+91-9856594938,Delhi NCR,Standard,2026-06-11 01:03:56
CUST_00385,Deepak Iyer,deepak.iyer25@example.com,+91-9782266083,Hyderabad,Standard,2026-04-09 01:03:56
CUST_00386,Shreya Rao,shreya.rao70@example.com,+91-9290679038,Hyderabad,Standard,2026-08-30 01:03:56
CUST_00387,Neha Patel,neha.patel98@example.com,+91-9904190892,Delhi NCR,Standard,2026-04-25 01:03:56
CUST_00388,Amit Sharma,amit.sharma37@example.com,+91-9714457408,Mumbai,Zomato Gold,2026-05-28 01:03:56
CUST_00389,Vikram Mehta,vikram.mehta12@example.com,+91-9651131533,Hyderabad,Standard,2026-04-04 01:03:56
CUST_00390,Rahul Das,rahul.das11@example.com,+91-9745471251,Mumbai,Standard,2026-05-29 01:03:56
CUST_00391,Pooja Joshi,pooja.joshi58@example.com,+91-9555059083,Delhi NCR,Standard,2026-06-30 01:03:56
CUST_00392,Vikram Singh,vikram.singh76@example.com,+91-9827133833,Delhi NCR,Standard,2026-07-12 01:03:56
CUST_00393,Aarav Iyer,aarav.iyer92@example.com,+91-9702859986,Delhi NCR,Standard,2026-06-13 01:03:56
CUST_00394,Priya Singh,priya.singh45@example.com,+91-9461081823,Bengaluru,Zomato Gold,2026-06-24 01:03:56
CUST_00395,Kunal Das,kunal.das29@example.com,+91-9302250101,Delhi NCR,Zomato Gold,2026-08-12 01:03:56
CUST_00396,Aditi Mukherjee,aditi.mukherjee94@example.com,+91-9533897383,Pune,Zomato Gold,2026-06-22 01:03:56
CUST_00397,Aarav Das,aarav.das43@example.com,+91-9417403063,Hyderabad,Standard,2026-07-18 01:03:56
CUST_00398,Aditi Rao,aditi.rao34@example.com,+91-9976189113,Pune,Zomato Gold,2026-06-28 01:03:56
CUST_00399,Sneha Das,sneha.das70@example.com,+91-9785383997,Pune,Standard,2026-07-02 01:03:56
CUST_00400,Ananya Kapoor,ananya.kapoor47@example.com,+91-9294493146,Pune,Standard,2026-04-26 01:03:56
CUST_00401,Kunal Joshi,kunal.joshi33@example.com,+91-9919177195,Pune,Zomato Gold,2026-06-26 01:03:56
CUST_00402,Sneha Nair,sneha.nair49@example.com,+91-9899089320,Mumbai,Zomato Gold,2026-07-18 01:03:56
CUST_00403,Arjun Nair,arjun.nair47@example.com,+91-9728751749,Delhi NCR,Zomato Gold,2026-07-29 01:03:56
CUST_00404,Shreya Sharma,shreya.sharma89@example.com,+91-9723106450,Pune,Standard,2026-04-20 01:03:56
CUST_00405,Vikram Iyer,vikram.iyer58@example.com,+91-9830893658,Bengaluru,Standard,2026-08-15 01:03:56
CUST_00406,Aditi Kapoor,aditi.kapoor35@example.com,+91-9247494816,Mumbai,Standard,2026-06-28 01:03:56
CUST_00407,Deepak Patel,deepak.patel33@example.com,+91-9868443155,Delhi NCR,Standard,2026-04-22 01:03:56
CUST_00408,Ananya Nair,ananya.nair67@example.com,+91-9105061082,Bengaluru,Standard,2026-06-11 01:03:56
CUST_00409,Ananya Rao,ananya.rao21@example.com,+91-9625679392,Mumbai,Zomato Gold,2026-05-05 01:03:56
CUST_00410,Kavya Gupta,kavya.gupta59@example.com,+91-9612604642,Hyderabad,Standard,2026-04-03 01:03:56
CUST_00411,Vikram Joshi,vikram.joshi51@example.com,+91-9115115189,Delhi NCR,Standard,2026-08-15 01:03:56
CUST_00412,Aarav Das,aarav.das98@example.com,+91-9342950952,Mumbai,Standard,2026-06-29 01:03:56
CUST_00413,Priya Gupta,priya.gupta49@example.com,+91-9732080338,Pune,Standard,2026-05-14 01:03:56
CUST_00414,Aditi Mehta,aditi.mehta76@example.com,+91-9589547144,Delhi NCR,Standard,2026-08-14 01:03:56
CUST_00415,Rahul Nair,rahul.nair34@example.com,+91-9485742696,Hyderabad,Zomato Pro VIP,2026-05-14 01:03:56
CUST_00416,Amit Sharma,amit.sharma26@example.com,+91-9340863230,Mumbai,Zomato Gold,2026-05-26 01:03:56
CUST_00417,Ananya Verma,ananya.verma93@example.com,+91-9863548641,Delhi NCR,Standard,2026-04-11 01:03:56
CUST_00418,Kunal Mukherjee,kunal.mukherjee16@example.com,+91-9769085879,Pune,Zomato Gold,2026-04-14 01:03:56
CUST_00419,Aarav Sharma,aarav.sharma66@example.com,+91-9547509357,Bengaluru,Standard,2026-07-08 01:03:56
CUST_00420,Kunal Singh,kunal.singh98@example.com,+91-9320648482,Mumbai,Standard,2026-04-04 01:03:56
CUST_00421,Priya Das,priya.das89@example.com,+91-9389885759,Pune,Standard,2026-05-07 01:03:56
CUST_00422,Priya Iyer,priya.iyer46@example.com,+91-9226416530,Pune,Zomato Gold,2026-05-01 01:03:56
CUST_00423,Shreya Reddy,shreya.reddy43@example.com,+91-9314479266,Pune,Zomato Pro VIP,2026-08-13 01:03:56
CUST_00424,Neha Joshi,neha.joshi30@example.com,+91-9417130941,Hyderabad,Standard,2026-04-12 01:03:56
CUST_00425,Vikram Joshi,vikram.joshi40@example.com,+91-9454982932,Hyderabad,Standard,2026-04-02 01:03:56
CUST_00426,Rohan Verma,rohan.verma73@example.com,+91-9818356830,Pune,Zomato Pro VIP,2026-05-10 01:03:56
CUST_00427,Rohan Joshi,rohan.joshi92@example.com,+91-9374762050,Bengaluru,Standard,2026-05-31 01:03:56
CUST_00428,Pooja Mehta,pooja.mehta22@example.com,+91-9153773200,Hyderabad,Zomato Gold,2026-05-16 01:03:56
CUST_00429,Pooja Nair,pooja.nair24@example.com,+91-9557408869,Delhi NCR,Zomato Gold,2026-04-26 01:03:56
CUST_00430,Aditi Sharma,aditi.sharma92@example.com,+91-9812272035,Mumbai,Standard,2026-05-15 01:03:56
CUST_00431,Deepak Rao,deepak.rao21@example.com,+91-9887125715,Delhi NCR,Zomato Gold,2026-07-06 01:03:56
CUST_00432,Ananya Verma,ananya.verma68@example.com,+91-9529765405,Hyderabad,Zomato Gold,2026-06-10 01:03:56
CUST_00433,Shreya Mukherjee,shreya.mukherjee31@example.com,+91-9796693603,Hyderabad,Standard,2026-04-30 01:03:56
CUST_00434,Aditi Kapoor,aditi.kapoor63@example.com,+91-9211361103,Mumbai,Zomato Gold,2026-08-03 01:03:56
CUST_00435,Deepak Patel,deepak.patel55@example.com,+91-9507754288,Pune,Zomato Gold,2026-04-09 01:03:56
CUST_00436,Rahul Singh,rahul.singh62@example.com,+91-9221265692,Hyderabad,Standard,2026-07-23 01:03:56
CUST_00437,Kunal Das,kunal.das96@example.com,+91-9113271672,Delhi NCR,Zomato Gold,2026-08-14 01:03:56
CUST_00438,Sneha Das,sneha.das76@example.com,+91-9657379037,Delhi NCR,Standard,2026-04-26 01:03:56
CUST_00439,Sneha Singh,sneha.singh96@example.com,+91-9812653878,Delhi NCR,Standard,2026-07-09 01:03:56
CUST_00440,Aditi Sharma,aditi.sharma70@example.com,+91-9642849045,Mumbai,Zomato Gold,2026-08-06 01:03:56
CUST_00441,Rohan Mukherjee,rohan.mukherjee40@example.com,+91-9444277942,Hyderabad,Zomato Pro VIP,2026-06-25 01:03:56
CUST_00442,Aditi Iyer,aditi.iyer92@example.com,+91-9691090113,Mumbai,Standard,2026-07-07 01:03:56
CUST_00443,Sneha Verma,sneha.verma83@example.com,+91-9576944168,Hyderabad,Standard,2026-07-25 01:03:56
CUST_00444,Shreya Singh,shreya.singh73@example.com,+91-9227460504,Delhi NCR,Standard,2026-04-06 01:03:56
CUST_00445,Kavya Sharma,kavya.sharma10@example.com,+91-9689590340,Pune,Zomato Gold,2026-04-25 01:03:56
CUST_00446,Pooja Iyer,pooja.iyer93@example.com,+91-9322104833,Pune,Zomato Pro VIP,2026-07-27 01:03:56
CUST_00447,Neha Kapoor,neha.kapoor38@example.com,+91-9976805431,Bengaluru,Standard,2026-07-27 01:03:56
CUST_00448,Shreya Joshi,shreya.joshi67@example.com,+91-9868706268,Delhi NCR,Standard,2026-05-01 01:03:56
CUST_00449,Sneha Sharma,sneha.sharma91@example.com,+91-9481327572,Delhi NCR,Standard,2026-06-15 01:03:56
CUST_00450,Neha Joshi,neha.joshi31@example.com,+91-9149153870,Bengaluru,Standard,2026-08-06 01:03:56
CUST_00451,Kavya Verma,kavya.verma35@example.com,+91-9755897094,Delhi NCR,Standard,2026-05-20 01:03:56
CUST_00452,Amit Reddy,amit.reddy34@example.com,+91-9985358270,Hyderabad,Standard,2026-06-27 01:03:56
CUST_00453,Kavya Sharma,kavya.sharma67@example.com,+91-9232305596,Pune,Zomato Gold,2026-07-28 01:03:56
CUST_00454,Rahul Singh,rahul.singh16@example.com,+91-9669474377,Bengaluru,Zomato Pro VIP,2026-08-21 01:03:56
CUST_00455,Shreya Iyer,shreya.iyer84@example.com,+91-9842833609,Mumbai,Zomato Gold,2026-05-16 01:03:56
CUST_00456,Rahul Verma,rahul.verma86@example.com,+91-9806008664,Hyderabad,Standard,2026-06-23 01:03:56
CUST_00457,Amit Gupta,amit.gupta41@example.com,+91-9843582889,Pune,Standard,2026-06-11 01:03:56
CUST_00458,Arjun Mehta,arjun.mehta27@example.com,+91-9964144020,Hyderabad,Standard,2026-05-07 01:03:56
CUST_00459,Pooja Kapoor,pooja.kapoor80@example.com,+91-9437059145,Pune,Standard,2026-05-27 01:03:56
CUST_00460,Pooja Das,pooja.das26@example.com,+91-9821955780,Delhi NCR,Standard,2026-05-17 01:03:56
CUST_00461,Arjun Joshi,arjun.joshi55@example.com,+91-9916875967,Bengaluru,Standard,2026-08-23 01:03:56
CUST_00462,Kavya Das,kavya.das64@example.com,+91-9407012827,Pune,Standard,2026-04-05 01:03:56
CUST_00463,Aarav Gupta,aarav.gupta95@example.com,+91-9156978109,Mumbai,Standard,2026-04-16 01:03:56
CUST_00464,Ananya Mehta,ananya.mehta17@example.com,+91-9257226287,Delhi NCR,Standard,2026-06-16 01:03:56
CUST_00465,Aditi Nair,aditi.nair88@example.com,+91-9210037068,Hyderabad,Zomato Gold,2026-08-23 01:03:56
CUST_00466,Amit Reddy,amit.reddy99@example.com,+91-9942143413,Pune,Zomato Gold,2026-06-14 01:03:56
CUST_00467,Aditi Gupta,aditi.gupta97@example.com,+91-9547284589,Hyderabad,Zomato Pro VIP,2026-06-21 01:03:56
CUST_00468,Aditi Sharma,aditi.sharma89@example.com,+91-9318063243,Delhi NCR,Zomato Gold,2026-07-24 01:03:56
CUST_00469,Neha Mukherjee,neha.mukherjee87@example.com,+91-9686923535,Pune,Zomato Gold,2026-05-22 01:03:56
CUST_00470,Vikram Mehta,vikram.mehta97@example.com,+91-9290509600,Hyderabad,Standard,2026-04-21 01:03:56
CUST_00471,Ananya Joshi,ananya.joshi58@example.com,+91-9228155179,Pune,Standard,2026-04-12 01:03:56
CUST_00472,Kunal Patel,kunal.patel42@example.com,+91-9727050254,Mumbai,Standard,2026-04-03 01:03:56
CUST_00473,Rahul Sharma,rahul.sharma86@example.com,+91-9446421355,Mumbai,Zomato Gold,2026-04-15 01:03:56
CUST_00474,Pooja Singh,pooja.singh55@example.com,+91-9690729993,Pune,Zomato Gold,2026-04-20 01:03:56
CUST_00475,Arjun Iyer,arjun.iyer76@example.com,+91-9297427943,Mumbai,Zomato Gold,2026-04-19 01:03:56
CUST_00476,Ananya Gupta,ananya.gupta61@example.com,+91-9676637967,Pune,Standard,2026-04-25 01:03:56
CUST_00477,Vikram Das,vikram.das56@example.com,+91-9455479984,Delhi NCR,Standard,2026-06-16 01:03:56
CUST_00478,Shreya Iyer,shreya.iyer95@example.com,+91-9223181755,Bengaluru,Standard,2026-06-29 01:03:56
CUST_00479,Sneha Sharma,sneha.sharma24@example.com,+91-9509495719,Delhi NCR,Standard,2026-07-09 01:03:56
CUST_00480,Pooja Sharma,pooja.sharma57@example.com,+91-9982732880,Pune,Zomato Gold,2026-08-11 01:03:56
CUST_00481,Deepak Singh,deepak.singh93@example.com,+91-9418293546,Bengaluru,Standard,2026-05-21 01:03:56
CUST_00482,Rohan Verma,rohan.verma78@example.com,+91-9930344435,Mumbai,Standard,2026-08-16 01:03:56
CUST_00483,Rohan Reddy,rohan.reddy64@example.com,+91-9835948208,Mumbai,Standard,2026-04-28 01:03:56
CUST_00484,Kavya Das,kavya.das97@example.com,+91-9901967913,Bengaluru,Standard,2026-05-11 01:03:56
CUST_00485,Arjun Sharma,arjun.sharma16@example.com,+91-9178649475,Bengaluru,Zomato Gold,2026-05-17 01:03:56
CUST_00486,Rohan Rao,rohan.rao62@example.com,+91-9377721135,Mumbai,Standard,2026-07-10 01:03:56
CUST_00487,Amit Gupta,amit.gupta59@example.com,+91-9118136542,Delhi NCR,Standard,2026-05-02 01:03:56
CUST_00488,Rohan Mukherjee,rohan.mukherjee99@example.com,+91-9148873346,Pune,Standard,2026-04-20 01:03:56
CUST_00489,Priya Mehta,priya.mehta21@example.com,+91-9751295118,Delhi NCR,Zomato Gold,2026-06-13 01:03:56
CUST_00490,Deepak Gupta,deepak.gupta94@example.com,+91-9982747173,Hyderabad,Standard,2026-04-09 01:03:56
CUST_00491,Sneha Patel,sneha.patel79@example.com,+91-9955525741,Hyderabad,Zomato Pro VIP,2026-06-16 01:03:56
CUST_00492,Rahul Mehta,rahul.mehta80@example.com,+91-9111972445,Delhi NCR,Standard,2026-08-22 01:03:56
CUST_00493,Aditi Sharma,aditi.sharma60@example.com,+91-9740653308,Pune,Standard,2026-08-17 01:03:56
CUST_00494,Rohan Mehta,rohan.mehta54@example.com,+91-9903477338,Mumbai,Standard,2026-05-26 01:03:56
CUST_00495,Rahul Patel,rahul.patel88@example.com,+91-9337069279,Mumbai,Standard,2026-06-05 01:03:56
CUST_00496,Ananya Das,ananya.das80@example.com,+91-9158398995,Pune,Zomato Gold,2026-07-29 01:03:56
CUST_00497,Rohan Mehta,rohan.mehta22@example.com,+91-9369173782,Bengaluru,Zomato Gold,2026-05-22 01:03:56
CUST_00498,Shreya Nair,shreya.nair95@example.com,+91-9237669962,Delhi NCR,Standard,2026-06-01 01:03:56
CUST_00499,Rohan Reddy,rohan.reddy67@example.com,+91-9621689527,Delhi NCR,Zomato Gold,2026-06-25 01:03:56
CUST_00500,Pooja Joshi,pooja.joshi82@example.com,+91-9263632841,Pune,Standard,2026-08-25 01:03:56
